{"stats":{"minecraft:killed":{"minecraft:zombie":13},"minecraft:mined":{"minecraft:light_gray_bed":3},"minecraft:picked_up":{"hunting_delight:broken_bone":11,"minecraft:light_gray_bed":3,"minecraft:rotten_flesh":7,"dayzombierebooted:protection_helmet":1},"minecraft:used":{"minecraft:zombie_spawn_egg":19,"minecraft:light_gray_bed":3},"minecraft:custom":{"minecraft:time_since_rest":10253,"minecraft:damage_dealt":47,"minecraft:crouch_one_cm":109,"minecraft:leave_game":2,"minecraft:play_time":10253,"minecraft:sprint_one_cm":300,"minecraft:time_since_death":10253,"minecraft:walk_on_water_one_cm":114,"minecraft:walk_one_cm":18068,"minecraft:total_world_time":10253,"minecraft:sneak_time":154,"minecraft:climb_one_cm":444,"minecraft:walk_under_water_one_cm":1620,"minecraft:mob_kills":13,"minecraft:fly_one_cm":28084,"minecraft:jump":13}},"DataVersion":3120}